{
  "project_info": {
    "project_number": "50072209938",
    "firebase_url": "https://receitas-af3c3.firebaseio.com",
    "project_id": "receitas-af3c3",
    "storage_bucket": "receitas-af3c3.appspot.com"
  },
  "client": [
    {
      "client_info": {
        "mobilesdk_app_id": "1:50072209938:android:80c359ca55cbe67a",
        "android_client_info": {
          "package_name": "com.example.diego.receitas"
        }
      },
      "oauth_client": [
        {
          "client_id": "50072209938-kv0tv4equ7t73rvr4rnbep0o3h1j01nr.apps.googleusercontent.com",
          "client_type": 1,
          "android_info": {
            "package_name": "com.example.diego.receitas",
            "certificate_hash": "c6b8eca28a830ad263a0521ce818aeb22a7f14e1"
          }
        },
        {
          "client_id": "50072209938-ffm9m0k2q363flue7eqnidngjju3b7qo.apps.googleusercontent.com",
          "client_type": 3
        }
      ],
      "api_key": [
        {
          "current_key": "AIzaSyB6edZvv1Of6aqEeQve845L6z3hpzPoAGc"
        }
      ],
      "services": {
        "analytics_service": {
          "status": 1
        },
        "appinvite_service": {
          "status": 2,
          "other_platform_oauth_client": [
            {
              "client_id": "50072209938-ffm9m0k2q363flue7eqnidngjju3b7qo.apps.googleusercontent.com",
              "client_type": 3
            }
          ]
        },
        "ads_service": {
          "status": 2
        }
      }
    }
  ],
  "configuration_version": "1"
}